"12000005 ,	https://static.pcbox.com/imagenesprod2/img/gallery_lows/763/76317047_8319198694.jpg"
"12000006 ,	https://static.pcbox.com/imagenesprod2/img/gallery_lows/763/76317047_8319198694.jpg"
"12000007 ,	https://static.pcbox.com/imagenesprod2/img/gallery_lows/750/75082714_8427673422.jpg"
"12000008 ,	https://static.pcbox.com/imagenesprod2/img/gallery_lows/763/76317047_8319198694.jpg"
"12000009 ,	https://static.pcbox.com/imagenesprod2/img/gallery_lows/763/76317047_8319198694.jpg"
"12000010 ,	https://static.pcbox.com/imagenesprod2/img/gallery_lows/764/76435078_8397050127.jpg"
"12000011 ,	https://static.pcbox.com/imagenesprod2/img/gallery_lows/763/76317047_8319198694.jpg"
"12000012 ,	https://static.pcbox.com/imagenesprod2/img/gallery_lows/763/76317047_8319198694.jpg"
"12000013 ,	https://static.pcbox.com/imagenesprod2/img/gallery_lows/763/76317047_8319198694.jpg"
"12000014 ,	https://static.pcbox.com/imagenesprod2/img/gallery_lows/763/76317047_8319198694.jpg"
"12000015 ,	https://static.pcbox.com/imagenesprod2/img/gallery_lows/763/76317047_8319198694.jpg"
"12000016 ,	https://static.pcbox.com/imagenesprod2/img/gallery_lows/763/76317047_8319198694.jpg"
"12000017 ,	https://static.pcbox.com/imagenesprod2/img/gallery_lows/763/76317047_8319198694.jpg"
"12000018 ,	https://static.pcbox.com/imagenesprod2/img/gallery_lows/730/73076466_4047017858.jpg"
"12000019 ,	https://static.pcbox.com/imagenesprod2/img/gallery_mediums/734/73401359_0073862691.jpg"
"12000020 ,	https://static.pcbox.com/imagenesprod2/img/gallery_lows/763/76317047_8319198694.jpg"
"12000021 ,	https://static.pcbox.com/imagenesprod2/img/gallery_lows/763/76317047_8319198694.jpg"
"12000022 ,	https://static.pcbox.com/imagenesprod2/img/gallery_lows/763/76317047_8319198694.jpg"
"12000023 ,	https://static.pcbox.com/imagenesprod2/img/gallery_mediums/783/78339475_5965654848.jpg"
"12000024 ,	https://static.pcbox.com/imagenesprod2/img/gallery_lows/763/76317047_8319198694.jpg"
"12000025 ,	https://static.pcbox.com/imagenesprod2/img/gallery_lows/763/76317047_8319198694.jpg"
"12000026 ,	https://static.pcbox.com/imagenesprod2/img/gallery_mediums/778/77866403_3521945857.jpg"
"12000027 ,	https://static.pcbox.com/imagenesprod2/img/gallery_lows/763/76317047_8319198694.jpg"
"12000028 ,	https://static.pcbox.com/imagenesprod2/img/gallery_lows/763/76317047_8319198694.jpg"
"12000029 ,	https://static.pcbox.com/imagenesprod2/p500/img/gallery/623/62316068_1557256790.jpg"
"12000030 ,	https://static.pcbox.com/imagenesprod2/p500/img/gallery/623/62316057_6061321983.jpg"
"12000031 ,	https://static.pcbox.com/imagenesprod2/img/gallery_lows/763/76317047_8319198694.jpg"
"12000032 ,	https://static.pcbox.com/imagenesprod2/img/gallery_lows/763/76317047_8319198694.jpg"
"12000033 ,	https://static.pcbox.com/imagenesprod2/img/gallery_mediums/704/70464978_3352923497.jpg"
"12000034 ,	https://static.pcbox.com/imagenesprod2/img/gallery_lows/763/76317047_8319198694.jpg"
"12000035 ,	https://static.pcbox.com/imagenesprod2/img/gallery_lows/763/76317047_8319198694.jpg"
"12000036 ,	https://static.pcbox.com/imagenesprod2/img/gallery_mediums/678/67819606_2326357397.jpg"
"12000037 ,	https://static.pcbox.com/imagenesprod2/img/gallery_lows/763/76317047_8319198694.jpg"
"12000038 ,	https://static.pcbox.com/imagenesprod2/img/gallery_lows/763/76317047_8319198694.jpg"
"12000039 ,	https://static.pcbox.com/imagenesprod2/img/gallery_lows/750/75082714_8427673422.jpg"
"12000040 ,	https://static.pcbox.com/imagenesprod2/img/gallery_mediums/778/77854885_5535157102.jpg"
"12000041 ,	https://static.pcbox.com/imagenesprod2/img/gallery_mediums/678/67819606_2326357397.jpg"
"12000042 ,	https://static.pcbox.com/imagenesprod2/img/gallery_mediums/678/67819606_2326357397.jpg"
"12000043 ,	https://static.pcbox.com/imagenesprod2/img/gallery_mediums/678/67819606_2326357397.jpg"
"12000044 ,	https://static.pcbox.com/imagenesprod2/img/gallery_mediums/678/67819606_2326357397.jpg"
"12000045 ,	https://static.pcbox.com/imagenesprod2/img/gallery_mediums/678/67819606_2326357397.jpg"
"12000046 ,	https://static.pcbox.com/imagenesprod2/img/gallery_mediums/763/76398196_6278384110.jpg"
"12000047 ,	https://static.pcbox.com/imagenesprod2/img/gallery_mediums/678/67819606_2326357397.jpg"
"12000048 ,	https://static.pcbox.com/imagenesprod2/img/gallery_mediums/695/69574396_9484680933.jpg"
"12000049 ,	https://static.pcbox.com/imagenesprod2/img/gallery_mediums/678/67819606_2326357397.jpg"
"12000050 ,	https://static.pcbox.com/imagenesprod2/img/gallery_mediums/678/67819606_2326357397.jpg"
"12000051 ,	https://static.pcbox.com/imagenesprod2/img/gallery_mediums/714/71433979_7836269723.jpg"
"12000052 ,	https://static.pcbox.com/imagenesprod2/img/gallery_mediums/678/67819606_2326357397.jpg"
